code,type_uri,label,ordinal,confidence,evidence
260413007,,None,0,verified,"ACSA3,COFL2,RUHI2,ECPU via USDA API 2026-09-25"
C54722,,Low,1,verified,"ACSA3,COFL2,RUHI2,ECPU via USDA API 2026-09-25"
C49507,,Medium,2,verified,"ACSA3,COFL2,RUHI2,ECPU via USDA API 2026-09-25"
C25227,,High,3,verified,"ACSA3,COFL2,RUHI2,ECPU via USDA API 2026-09-25"
PATO_0002394,,Low (tolerance),1,verified,ACSA3 Fire Tolerance via USDA API 2026-09-25
PATO_0000461,,Medium (tolerance),2,verified,ACSA3 Drought and CaCO3 Tolerance via USDA API 2026-09-25
PATO_0002393,,High (tolerance),3,verified,"usda verify 2026-09-26: 136 taxa agree, 0 disagree"
PATO_0000911,,Slow,,verified,"ACSA3,COFL2,RUHI2,ECPU via USDA API 2026-09-25"
PATO_0000912,,Rapid,,verified,"ACSA3,COFL2,RUHI2,ECPU via USDA API 2026-09-25"
PATO_0001603,,Long,,verified,"ACSA3,COFL2,RUHI2,ECPU via USDA API 2026-09-25"
PATO_0001604,,Short,,verified,"ACSA3,COFL2,RUHI2,ECPU via USDA API 2026-09-25"
PATO_0001731,,Deciduous (leaf retention: No),,verified,"ACSA3,COFL2,RUHI2,ECPU via USDA API 2026-09-25"
PATO_0001733,,Evergreen (leaf retention: Yes),,verified,"ACSA3,COFL2,RUHI2,ECPU via USDA API 2026-09-25"
PATO_0000700,,Coarse,,verified,"ACSA3,COFL2,RUHI2,ECPU via USDA API 2026-09-25"
PATO_0000701,,Fine,,verified,"ACSA3,COFL2,RUHI2,ECPU via USDA API 2026-09-25"
PATO_0000622,,Erect,,verified,"ACSA3,COFL2,RUHI2,ECPU via USDA API 2026-09-25"
PATO_0002260,,Semi-Erect,,verified,"ACSA3,COFL2,RUHI2,ECPU via USDA API 2026-09-25"
C94730,,Winter,,verified,"ACSA3,COFL2,RUHI2,ECPU via USDA API 2026-09-25"
C94731,,Spring,,verified,"ACSA3,COFL2,RUHI2,ECPU via USDA API 2026-09-25"
C94732,,Summer,,verified,"ACSA3,COFL2,RUHI2,ECPU via USDA API 2026-09-25"
C94733,,Fall,,verified,"ACSA3,COFL2,RUHI2,ECPU via USDA API 2026-09-25"
PATO_0000320,,Green,,verified,"ACSA3,COFL2,RUHI2,ECPU via USDA API 2026-09-25"
PATO_0000322,,Red,,verified,"ACSA3,COFL2,RUHI2,ECPU via USDA API 2026-09-25"
PATO_0000323,,White,,verified,"ACSA3,COFL2,RUHI2,ECPU via USDA API 2026-09-25"
PATO_0000317,,Black,,verified,"ACSA3,COFL2,RUHI2,ECPU via USDA API 2026-09-25"
PATO_0000951,,Purple,,verified,"ACSA3,COFL2,RUHI2,ECPU via USDA API 2026-09-25"
PATO_0000952,,Brown,,verified,"ACSA3,COFL2,RUHI2,ECPU via USDA API 2026-09-25"
PATO_0000953,,Orange,,verified,"ACSA3,COFL2,RUHI2,ECPU via USDA API 2026-09-25"
PATO_0000324,,Yellow,,verified,"usda verify 2026-09-26: 94 taxa agree, 0 disagree"
PATO_0000318,,Blue,,verified,"usda verify 2026-09-26: 8 taxa agree, 0 disagree"
PATO_0000394,http://eol.org/schema/terms/HumanLivestockToxicity,Slight,1,verified,"usda verify 2026-09-26: 16 taxa agree, 0 disagree"
PATO_0000395,http://eol.org/schema/terms/HumanLivestockToxicity,Moderate,2,verified,"usda verify 2026-09-26: 6 taxa agree, 0 disagree"
PATO_0000396,http://eol.org/schema/terms/HumanLivestockToxicity,Severe,3,inferred,"PATO term name (severe intensity); usda verify 2026-09-26: 2 taxa agree, 0 disagree"
PATO_0000984,,Porous,,verified,"usda verify 2026-09-26: 156 taxa agree, 0 disagree"
C48658,,Indeterminate,,verified,usda verify 2026-09-26: shown as Indeterminate for all 7 sampled taxa with this code
PATO_0000631,,Prostrate,,verified,usda verify 2026-09-26: shown as Prostrate for all 9 sampled taxa with this code
PATO_0002397,,Rounded,,verified,usda verify 2026-09-26: shown as Rounded for all 7 sampled taxa with this code
PATO_0002021,,Conical,,verified,usda verify 2026-09-26: shown as Conical for all 5 sampled taxa with this code
C63815,,Irregular,,verified,usda verify 2026-09-26: shown as Irregular for all 3 sampled taxa with this code
PATO_0001891,,Oval,,inferred,usda verify 2026-09-26: shown as Oval for the 1 sampled taxon with this code
PATO_0002394,http://eol.org/schema/terms/ShadeTolerance,,,unresolved,Archive and live USDA service disagree on direction; awaiting a human decision (spec 2.2.1)
PATO_0000461,http://eol.org/schema/terms/ShadeTolerance,,,unresolved,Archive and live USDA service disagree on direction; awaiting a human decision (spec 2.2.1)
PATO_0002393,http://eol.org/schema/terms/ShadeTolerance,,,unresolved,Archive and live USDA service disagree on direction; awaiting a human decision (spec 2.2.1)
perennial,,Perennial,,verified,"usda verify 2026-09-26: 206 taxa agree, 0 disagree"
annual,,Annual,,verified,"usda verify 2026-09-26: 23 taxa agree, 0 disagree"
biennial,,Biennial,,verified,"usda verify 2026-09-26: 11 taxa agree, 0 disagree"
forbHerb,,Forb/herb,,verified,"usda verify 2026-09-26: 83 taxa agree, 0 disagree"
graminoid,,Graminoid,,verified,"usda verify 2026-09-26: 49 taxa agree, 0 disagree"
lichenous,,Lichenous,,inferred,camelCase literal
nonvascular,,Nonvascular,,inferred,camelCase literal
shrub,,Shrub,,verified,"usda verify 2026-09-26: 55 taxa agree, 0 disagree"
subshrub,,Subshrub,,verified,"usda verify 2026-09-26: 25 taxa agree, 0 disagree"
tree,,Tree,,verified,"usda verify 2026-09-26: 63 taxa agree, 0 disagree"
vine,,Vine,,verified,"usda verify 2026-09-26: 3 taxa agree, 0 disagree"
springAndSummer,,Spring and Summer,,verified,"usda verify 2026-09-26: 124 taxa agree, 0 disagree"
springSummerAndAutumn,,"Spring, Summer, Fall",,verified,"usda verify 2026-09-26: 24 taxa agree, 0 disagree"
summerAndAutumn,,Summer and Fall,,verified,"usda verify 2026-09-26: 7 taxa agree, 0 disagree"
autumnWinterAndSpring,,"Fall, Winter and Spring",,verified,"usda verify 2026-09-26: 7 taxa agree, 0 disagree"
springAndAutumn,,Spring and Fall,,verified,"usda verify 2026-09-26: 3 taxa agree, 0 disagree"
yearRound,,Year Round,,verified,"usda verify 2026-09-26: 10 taxa agree, 0 disagree"
earlySpring,,Early Spring,,verified,"usda verify 2026-09-26: 17 taxa agree, 0 disagree"
midSpring,,Mid Spring,,verified,"usda verify 2026-09-26: 31 taxa agree, 0 disagree"
lateSpring,,Late Spring,,verified,"usda verify 2026-09-26: 54 taxa agree, 0 disagree"
earlySummer,,Early Summer,,verified,"usda verify 2026-09-26: 24 taxa agree, 0 disagree"
midSummer,,Mid Summer,,verified,"usda verify 2026-09-26: 13 taxa agree, 0 disagree"
lateSummer,,Late Summer,,verified,"usda verify 2026-09-26: 20 taxa agree, 0 disagree"
lateWinter,,Late Winter,,inferred,"camelCase literal; usda verify 2026-09-26: 1 taxon agrees, 0 disagree"
moderateRate,,Moderate,,verified,"usda verify 2026-09-26: 152 taxa agree, 0 disagree"
lowCNRatio,,Low,1,verified,"usda verify 2026-09-26: 23 taxa agree, 0 disagree"
mediumCNRatio,,Medium,2,verified,"usda verify 2026-09-26: 90 taxa agree, 0 disagree"
highCNRatio,,High,3,verified,"usda verify 2026-09-26: 80 taxa agree, 0 disagree"
lowNitrogenFixation,,Low,1,verified,"usda verify 2026-09-26: 8 taxa agree, 0 disagree"
mediumNitrogenFixation,,Medium,2,verified,"usda verify 2026-09-26: 9 taxa agree, 0 disagree"
highNitrogenFixation,,High,3,inferred,"camelCase literal; usda verify 2026-09-26: 2 taxa agree, 0 disagree"
lowPorosity,,Dense,,verified,"usda verify 2026-09-26: 69 taxa agree, 0 disagree"
moderatePorosity,,Moderate,,verified,"usda verify 2026-09-26: 103 taxa agree, 0 disagree"
moderateLifeSpan,,Moderate,,verified,"usda verify 2026-09-26: 82 taxa agree, 0 disagree"
routinelyAvailable,,Routinely Available,,verified,"usda verify 2026-09-26: 122 taxa agree, 0 disagree"
noKnownSource,,No Known Source,,verified,"usda verify 2026-09-26: 54 taxa agree, 0 disagree"
contractingOnly,,Contracting Only,,verified,"usda verify 2026-09-26: 20 taxa agree, 0 disagree"
fieldCollectionsOnly,,Field Collections Only,,verified,"usda verify 2026-09-26: 12 taxa agree, 0 disagree"
singleStem,,Single Stem,,verified,"usda verify 2026-09-26: 41 taxa agree, 0 disagree"
multipleStems,,Multiple Stem,,verified,"usda verify 2026-09-26: 46 taxa agree, 0 disagree"
singleCrown,,Single Crown,,verified,"usda verify 2026-09-26: 41 taxa agree, 0 disagree"
bunch,,Bunch,,verified,"usda verify 2026-09-26: 36 taxa agree, 0 disagree"
rhizomatous,,Rhizomatous,,verified,"usda verify 2026-09-26: 39 taxa agree, 0 disagree"
stoloniferous,,Stoloniferous,,verified,"usda verify 2026-09-26: 8 taxa agree, 0 disagree"
thicketForming,,Thicket Forming,,verified,"usda verify 2026-09-26: 6 taxa agree, 0 disagree"
decumbent,,Decumbent,,verified,"usda verify 2026-09-26: 11 taxa agree, 0 disagree"
climbingPlant,,Climbing,,verified,"usda verify 2026-09-26: 3 taxa agree, 0 disagree"
vaseShaped,,Vase,,inferred,"camelCase literal; USDA shape wording; usda verify 2026-09-26: 2 taxa agree, 0 disagree"
columnar,,Columnar,,inferred,camelCase literal
darkGreen,,Dark Green,,verified,"usda verify 2026-09-26: 19 taxa agree, 0 disagree"
grayGreen,,Gray-Green,,verified,"usda verify 2026-09-26: 14 taxa agree, 0 disagree"
yellowGreen,,Yellow-Green,,verified,"usda verify 2026-09-26: 8 taxa agree, 0 disagree"
whiteGrey,,White-Gray,,verified,"usda verify 2026-09-26: 4 taxa agree, 0 disagree"
federalEndangered,,Federal Endangered,,inferred,camelCase literal
federalThreatened,,Federal Threatened,,inferred,camelCase literal
Canada,http://eol.org/schema/terms/GardenPersistent,Canada,,inferred,Raw literal
Puerto Rico,http://eol.org/schema/terms/GardenPersistent,Puerto Rico,,inferred,Raw literal
U. S. Virgin Islands,http://eol.org/schema/terms/GardenPersistent,U. S. Virgin Islands,,inferred,Raw literal
fireResistantYes,,Fire Resistant: Yes,,verified,"usda verify 2026-09-26: 23 taxa agree, 0 disagree"
fireResistantNo,,Fire Resistant: No,,verified,"usda verify 2026-09-26: 199 taxa agree, 0 disagree"
fruitPersistentYes,,Fruit/Seed Persistence: Yes,,verified,"usda verify 2026-09-26: 64 taxa agree, 0 disagree"
fruitPersistentNo,,Fruit/Seed Persistence: No,,verified,"usda verify 2026-09-26: 158 taxa agree, 0 disagree"
coldStratificationYes,,Cold Stratification Required: Yes,,verified,"usda verify 2026-09-26: 60 taxa agree, 0 disagree"
coldStratificationNo,,Cold Stratification Required: No,,verified,"usda verify 2026-09-26: 162 taxa agree, 0 disagree"
smallGrainYes,,Small Grain: Yes,,verified,"usda verify 2026-09-26: 3 taxa agree, 0 disagree"
smallGrainNo,,Small Grain: No,,verified,"usda verify 2026-09-26: 219 taxa agree, 0 disagree"
lowGrowingGrassYes,,Low Growing Grass: Yes,,verified,"usda verify 2026-09-26: 11 taxa agree, 0 disagree"
lowGrowingGrassNo,,Low Growing Grass: No,,verified,"usda verify 2026-09-26: 211 taxa agree, 0 disagree"
ResproutYes,,Resprout Ability: Yes,,verified,"usda verify 2026-09-26: 56 taxa agree, 0 disagree"
ResproutNo,,Resprout Ability: No,,verified,"usda verify 2026-09-26: 166 taxa agree, 0 disagree"
allelopathyYes,,Known Allelopath: Yes,,verified,"usda verify 2026-09-26: 11 taxa agree, 0 disagree"
allelopathyUnknown,,Known Allelopath: No,,verified,usda verify 2026-09-26: USDA shows Known Allelopath No for all 195 sampled taxa with this code
coppicePotentialYes,,Coppice Potential: Yes,,verified,"usda verify 2026-09-26: 28 taxa agree, 0 disagree"
coppicePotentialNo,,Coppice Potential: No,,verified,"usda verify 2026-09-26: 194 taxa agree, 0 disagree"
fallConspicuousYes,,Fall Conspicuous: Yes,,verified,"usda verify 2026-09-26: 41 taxa agree, 0 disagree"
fallConspicuousNo,,Fall Conspicuous: No,,verified,"usda verify 2026-09-26: 181 taxa agree, 0 disagree"
flowerConspicuousYes,,Flower Conspicuous: Yes,,verified,"usda verify 2026-09-26: 103 taxa agree, 0 disagree"
flowerConspicuousNo,,Flower Conspicuous: No,,verified,"usda verify 2026-09-26: 119 taxa agree, 0 disagree"
fruitSeedConspicuousYes,,Fruit/Seed Conspicuous: Yes,,verified,"usda verify 2026-09-26: 62 taxa agree, 0 disagree"
fruitSeedConspicuousNo,,Fruit/Seed Conspicuous: No,,verified,"usda verify 2026-09-26: 160 taxa agree, 0 disagree"
coarseSoilYes,,Adapted to Coarse Textured Soils: Yes,,verified,"usda verify 2026-09-26: 154 taxa agree, 0 disagree"
coarseSoilNo,,Adapted to Coarse Textured Soils: No,,verified,"usda verify 2026-09-26: 68 taxa agree, 0 disagree"
mediumSoilYes,,Adapted to Medium Textured Soils: Yes,,verified,"usda verify 2026-09-26: 206 taxa agree, 0 disagree"
mediumSoilNo,,Adapted to Medium Textured Soils: No,,verified,"usda verify 2026-09-26: 16 taxa agree, 0 disagree"
fineSoilYes,,Adapted to Fine Textured Soils: Yes,,verified,"usda verify 2026-09-26: 125 taxa agree, 0 disagree"
fineSoilNo,,Adapted to Fine Textured Soils: No,,verified,"usda verify 2026-09-26: 97 taxa agree, 0 disagree"
propagatedByBareRootYes,,Propagated by Bare Root: Yes,,verified,"usda verify 2026-09-26: 107 taxa agree, 0 disagree"
propagatedByBareRootNo,,Propagated by Bare Root: No,,verified,"usda verify 2026-09-26: 115 taxa agree, 0 disagree"
propagatedByBulbsYes,,Propagated by Bulb: Yes,,inferred,camelCase literal; USDA field wording
propagatedByBulbsNo,,Propagated by Bulb: No,,verified,"usda verify 2026-09-26: 222 taxa agree, 0 disagree"
propagatedByContainerYes,,Propagated by Container: Yes,,verified,"usda verify 2026-09-26: 98 taxa agree, 0 disagree"
propagatedByContainerNo,,Propagated by Container: No,,verified,"usda verify 2026-09-26: 124 taxa agree, 0 disagree"
propagatedByCormsYes,,Propagated by Corm: Yes,,inferred,"camelCase literal; USDA field wording; usda verify 2026-09-26: 2 taxa agree, 0 disagree"
propagatedByCormsNo,,Propagated by Corm: No,,verified,"usda verify 2026-09-26: 220 taxa agree, 0 disagree"
propagatedByCuttingsYes,,Propagated by Cuttings: Yes,,verified,"usda verify 2026-09-26: 51 taxa agree, 0 disagree"
propagatedByCuttingsNo,,Propagated by Cuttings: No,,verified,"usda verify 2026-09-26: 171 taxa agree, 0 disagree"
propagatedBySeedYes,,Propagated by Seed: Yes,,verified,"usda verify 2026-09-26: 198 taxa agree, 0 disagree"
propagatedBySeedNo,,Propagated by Seed: No,,verified,"usda verify 2026-09-26: 24 taxa agree, 0 disagree"
propagatedBySodYes,,Propagated by Sod: Yes,,verified,"usda verify 2026-09-26: 4 taxa agree, 0 disagree"
propagatedBySodNo,,Propagated by Sod: No,,verified,"usda verify 2026-09-26: 218 taxa agree, 0 disagree"
propagatedBySprigsYes,,Propagated by Sprigs: Yes,,verified,"usda verify 2026-09-26: 63 taxa agree, 0 disagree"
propagatedBySprigsNo,,Propagated by Sprigs: No,,verified,"usda verify 2026-09-26: 159 taxa agree, 0 disagree"
propagatedByTubersYes,,Propagated by Tubers: Yes,,verified,"usda verify 2026-09-26: 3 taxa agree, 0 disagree"
propagatedByTubersNo,,Propagated by Tubers: No,,verified,"usda verify 2026-09-26: 219 taxa agree, 0 disagree"
